PatientVisitID,Accession,Question,Response
 suggest that penumonia is a diagnosis in this patients? Please answer as (1) Likely, (2) Unlikely, or (3) unable to say because of lack of information, and provide an explanation for your answer.","I would answer (1) Likely.

The note suggests that the patient has a history of "pulmonary edema pneumonia", which implies that pneumonia was previously diagnosed or suspected. Additionally, the radiology report mentions "extensive diffuse bilateral airspace opacity" and "more patchy consolidation with somewhat nodular configuration" in the left perihilar region, which are common findings associated with pneumonia. The impression also includes a diagnosis of "PERSISTENT DIFFUSE EDEMA MILDLY INCREASED" which could be related to ongoing or residual pulmonary edema from pneumonia."
32697243,80WCKPZynL,"Does the following note suggest that penumonia is a diagnosis in this patients? Please answer as (1) Likely, (2) Unlikely, or (3) unable to say because of lack of information, and provide an explanation for your answer.","I would answer (1) Likely.

The note suggests that the patient has a large left-sided pleural effusion, which is not resolving despite chest tube placement. The impression section states "PERSISTENT LARGE LEFT PLEURAL EFFUSION", implying that this condition is ongoing and not improving. Additionally, the presence of atelectasis in multiple lung lobes and subsegmental atelectasis in the right lower lobe may be indicative of underlying lung disease or pneumonia. While the note does not explicitly state a diagnosis of pneumonia, the combination of findings suggests that it could be a possibility."
32619189,4WTf26DySj,"Does the following note suggest that penumonia is a diagnosis in this patients? Please answer as (1) Likely, (2) Unlikely, or (3) unable to say because of lack of information, and provide an explanation for your answer.","I would answer (2) Unlikely. The report does not mention pneumonia or any other respiratory-related conditions. The patient's symptoms are related to stroke, nasogastric tube, and dental issues, but there is no indication of pneumonia or pulmonary disease."
32697243,1hga0mFChp,"Does the following note suggest that penumonia is a diagnosis in this patients? Please answer as (1) Likely, (2) Unlikely, or (3) unable to say because of lack of information, and provide an explanation for your answer.","I would answer (1) Likely.

The note suggests that the patient has "SUBSTANTIAL DECREASE IN THE VOLUME OF LOCULATED LEFT PLEURAL EFFUSION" and a "LEFT LOCCED PARAPNEUMONIC EFFUSION", which implies that pneumonia was present in the past. The phrase "persistent dense pneumonia in the left lower lobe" also suggests that the patient has ongoing or residual pneumonia."
32697243,Aa3M8CWrWv,"Does the following note suggest that penumonia is a diagnosis in this patients? Please answer as (1) Likely, (2) Unlikely, or (3) unable to say because of lack of information, and provide an explanation for your answer.","I would answer (2) Unlikely.

The note suggests that the patient had a chest tube removed and an evaluation for pneumothorax, but it states "There is no evidence of pneumothorax." Additionally, it lists "1. LEFT CHEST TUBE REMOVED. NEGATIVE EVALUATION FOR PNEUMOTHORAX" as one of the impressions. This implies that the patient did not have a diagnosis of pneumonia at this time."
32619189,6eekfVVhIo,"Does the following note suggest that penumonia is a diagnosis in this patients? Please answer as (1) Likely, (2) Unlikely, or (3) unable to say because of lack of information, and provide an explanation for your answer.","I would answer (1) Likely.

The note mentions "persistent areas of consolidation in the mid and lower zones of both lungs" under the FINDINGS section. Consolidation is a radiological finding that can be indicative of pneumonia, among other conditions. The IMPRESSION section does not explicitly state "pneumonia", but it suggests that there are abnormal lung findings, which are consistent with pneumonia. Therefore, it is likely that pneumonia is a diagnosis being considered or has been diagnosed in this patient."
32629320,2jDqPXdRd7,"Does the following note suggest that penumonia is a diagnosis in this patients? Please answer as (1) Likely, (2) Unlikely, or (3) unable to say because of lack of information, and provide an explanation for your answer.","I would answer (2) Unlikely.

The note suggests that the patient has shortness of breath, heart disease, and was intubated. The imaging findings include mild cardiomegaly, pulmonary edema, atelectasis, and effusion in the left basilar region. While the report mentions that "pneumonia cannot be excluded", it does not suggest a diagnosis of pneumonia as the primary or most likely cause of the patient's symptoms. Instead, the report seems to be considering pneumonia as one possible explanation among several other potential causes of the patient's respiratory distress. The emphasis on other findings such as pulmonary edema and atelectasis also suggests that pneumonia is not considered the most likely diagnosis in this case."
32629320,6pD3JGbyAO,"Does the following note suggest that penumonia is a diagnosis in this patients? Please answer as (1) Likely, (2) Unlikely, or (3) unable to say because of lack of information, and provide an explanation for your answer.","I would answer (3) Unable to say because of lack of information.

There is no mention of pneumonia or any respiratory-related symptoms in this report. The patient's clinical history only mentions a seizure, and the imaging findings are focused on the brain, specifically noting encephalomalacia, ventricular dilatation, and craniotomy changes. There is no indication that the patient has been evaluated for or diagnosed with pneumonia."
32629320,8WdxiIPHpr,"Does the following note suggest that penumonia is a diagnosis in this patients? Please answer as (1) Likely, (2) Unlikely, or (3) unable to say because of lack of information, and provide an explanation for your answer.","I would answer (2) Unlikely.

Although the patient has atelectasis of the left lower lobe and possible left pleural effusion, which could be related to pneumonia, there is no specific mention of a diagnosis of pneumonia in the report. The impression section simply states "NO CHANGE FROM PREVIOUS CHEST STUDY OF 1 DAY EARLIER", suggesting that the patient's condition has not changed significantly over time, but does not specifically identify pneumonia as a diagnosis."
32629320,8mVcmCqe9W,"Does the following note suggest that penumonia is a diagnosis in this patients? Please answer as (1) Likely, (2) Unlikely, or (3) unable to say because of lack of information, and provide an explanation for your answer.","I would answer (2) Unlikely.

The note does not suggest pneumonia as a diagnosis because it only mentions a patient's leg pain and provides radiology report findings related to the right femur, which do not indicate any respiratory symptoms or abnormalities that would be consistent with a diagnosis of pneumonia."
